cust_id,lookalikes
C0020,"[('C0157', 0.8973333415310075), ('C0058', 0.8615344712188334), ('C0033', 0.8583557370200213)]"
